Province_Name,plot
Houaphan,1
Xiengkhouang,2
Xiengkhouang,3
Houaphan,4
Xiengkhouang,5
Xiengkhouang,6
Xiengkhouang,7
Xiengkhouang,8
Xiengkhouang,9
Xiengkhouang,10
Houaphan,11
Xiengkhouang,12
Xiengkhouang,13
Xiengkhouang,14
Xiengkhouang,15
Xiengkhouang,16
Xiengkhouang,17
Xiengkhouang,18
Xiengkhouang,19
Xiengkhouang,20
Xiengkhouang,21
Xiengkhouang,22
Xiengkhouang,23
Xiengkhouang,24
Xiengkhouang,25
Xiengkhouang,26
Xiengkhouang,27
Xiengkhouang,28
Xiengkhouang,29
Xiengkhouang,30
Vientiane,31
Khammouan,32
Khammouan,33
Khammouan,34
Khammouan,35
Khammouan,36
Salavan,37
Salavan,38
Xekong,39
Xekong,40
Xekong,41
Xekong,42
Xekong,43
Xekong,44
Xekong,45
Xekong,46
Xekong,47
Xekong,48
Xekong,49
Xekong,50
Xekong,51
Xekong,52
Xekong,53
Xekong,54
Xekong,55
Champasak,56
Champasak,57
Phongsaly,58
Houaphan,59
Houaphan,60
Houaphan,61
Houaphan,62
Houaphan,63
Houaphan,64
Houaphan,65
Louangphabang,66
Khammouan,67
Khammouan,68
Khammouan,69
Khammouan,70
Khammouan,71
Khammouan,72
Khammouan,73
Khammouan,74
Khammouan,75
Khammouan,76
Khammouan,77
Savannakhet,78
Savannakhet,79
Savannakhet,80
Savannakhet,81
Savannakhet,82
Savannakhet,83
Savannakhet,84
Savannakhet,85
Savannakhet,86
Savannakhet,87
Savannakhet,88
Savannakhet,89
Savannakhet,90
Savannakhet,91
Savannakhet,92
Savannakhet,93
Savannakhet,94
Savannakhet,95
Savannakhet,96
Savannakhet,97
Savannakhet,98
Savannakhet,99
Savannakhet,100
Savannakhet,101
Savannakhet,102
Savannakhet,103
Salavan,104
Salavan,105
Savannakhet,106
Savannakhet,107
Savannakhet,108
Salavan,109
Salavan,110
Salavan,111
Salavan,112
Salavan,113
Salavan,114
Salavan,115
Xekong,116
Xekong,117
Xekong,118
Champasak,119
Xekong,120
Champasak,121
Champasak,122
Attapeu,123
Champasak,124
Champasak,125
Attapeu,126
Champasak,127
Attapeu,128
Champasak,129
Champasak,130
Attapeu,131
Champasak,132
Attapeu,133
Attapeu,134
Champasak,135
Attapeu,136
Champasak,137
Attapeu,138
Champasak,139
Champasak,140
Champasak,141
Champasak,142
Champasak,143
Champasak,144
Champasak,145
Xaignabouly,146
Xaignabouly,147
Xaignabouly,148
Xaignabouly,149
Xaignabouly,150
Xaignabouly,151
Xaignabouly,152
Xiengkhouang,153
Xiengkhouang,154
Xiengkhouang,155
Xaignabouly,156
Xaignabouly,157
Xiengkhouang,158
Xiengkhouang,159
Xiengkhouang,160
Xaignabouly,161
Vientiane,162
Xaisomboun,163
Xiengkhouang,164
Vientiane,165
Xaisomboun,166
Xaisomboun,167
Xiengkhouang,168
Xiengkhouang,169
Xiengkhouang,170
Vientiane,171
Bolikhamxai,172
Xaisomboun,173
Xiengkhouang,174
Xaisomboun,175
Bolikhamxai,176
Xaisomboun,177
Bolikhamxai,178
Vientiane,179
Bolikhamxai,180
Bolikhamxai,181
Bolikhamxai,182
Xaisomboun,183
Bolikhamxai,184
Bolikhamxai,185
Bolikhamxai,186
Bolikhamxai,187
Bolikhamxai,188
Vientiane,189
Xaisomboun,190
Xaisomboun,191
Bolikhamxai,192
Bolikhamxai,193
Bolikhamxai,194
Xaisomboun,195
Bolikhamxai,196
Bolikhamxai,197
Bolikhamxai,198
Bolikhamxai,199
Bolikhamxai,200
Xaignabouly,201
Xaisomboun,202
Bolikhamxai,203
Bolikhamxai,204
Bolikhamxai,205
Bolikhamxai,206
Bolikhamxai,207
Bolikhamxai,208
Bolikhamxai,209
Xaignabouly,210
Bolikhamxai,211
Bolikhamxai,212
Bolikhamxai,213
Khammouan,214
Khammouan,215
Khammouan,216
Khammouan,217
Khammouan,218
Khammouan,219
Khammouan,220
Khammouan,221
Khammouan,222
Khammouan,223
Khammouan,224
Khammouan,225
Khammouan,226
Khammouan,227
Khammouan,228
Khammouan,229
Khammouan,230
Khammouan,231
Khammouan,232
Khammouan,233
Khammouan,234
Savannakhet,235
Savannakhet,236
Savannakhet,237
Savannakhet,238
Savannakhet,239
Savannakhet,240
Savannakhet,241
Savannakhet,242
Savannakhet,243
Savannakhet,244
Savannakhet,245
Savannakhet,246
Savannakhet,247
Savannakhet,248
Savannakhet,249
Savannakhet,250
Savannakhet,251
Salavan,252
Savannakhet,253
Salavan,254
Savannakhet,255
Savannakhet,256
Salavan,257
Xekong,258
Xekong,259
Xekong,260
Savannakhet,261
Savannakhet,262
Xekong,263
Salavan,264
Salavan,265
Salavan,266
Xekong,267
Salavan,268
Salavan,269
Xekong,270
Xekong,271
Xekong,272
Champasak,273
Champasak,274
Champasak,275
Champasak,276
Champasak,277
Attapeu,278
Attapeu,279
Attapeu,280
Attapeu,281
Attapeu,282
Attapeu,283
Champasak,284
Champasak,285
Champasak,286
Champasak,287
Champasak,288
Champasak,289
Oudomxai,290
Louangnamtha,291
Louangnamtha,292
Louangnamtha,293
Louangnamtha,294
Louangnamtha,295
Louangnamtha,296
Bokeo,297
Houaphan,298
Bokeo,299
Louangnamtha,300
Bokeo,301
Bokeo,302
Bokeo,303
Houaphan,304
Bokeo,305
Xiengkhouang,306
Xiengkhouang,307
Xiengkhouang,308
Xiengkhouang,309
Xiengkhouang,310
Xiengkhouang,311
Xiengkhouang,312
Xiengkhouang,313
Xiengkhouang,314
Xiengkhouang,315
Xiengkhouang,316
Xiengkhouang,317
Xiengkhouang,318
Xiengkhouang,319
Xiengkhouang,320
Xiengkhouang,321
Khammouan,322
Khammouan,323
Khammouan,324
Khammouan,325
Khammouan,326
Khammouan,327
Khammouan,328
Khammouan,329
Khammouan,330
Khammouan,331
Khammouan,332
Khammouan,333
Khammouan,334
Khammouan,335
Xekong,336
Xekong,337
Xekong,338
Xekong,339
Xekong,340
Xekong,341
Xekong,342
Xekong,343
Xekong,344
Xekong,345
Xekong,346
Xekong,347
Xekong,348
Xekong,349
Xekong,350
Xekong,351
Xekong,352
Xekong,353
Champasak,354
Champasak,355
Xiengkhouang,356
Louangphabang,357
Xaignabouly,358
Xiengkhouang,359
Xaignabouly,360
Louangphabang,361
Xiengkhouang,362
Xiengkhouang,363
Xiengkhouang,364
Vientiane,365
Xaisomboun,366
Xaisomboun,367
Bolikhamxai,368
Vientiane,369
Xaisomboun,370
Bolikhamxai,371
Bolikhamxai,372
Vientiane,373
Vientiane Capital,374
Vientiane,375
Bolikhamxai,376
Vientiane Capital,377
Vientiane,378
Vientiane,379
Khammouan,380
Khammouan,381
Khammouan,382
Khammouan,383
Savannakhet,384
Savannakhet,385
Savannakhet,386
Xekong,387
Xekong,388
Xekong,389
Xekong,390
Xekong,391
Attapeu,392
Attapeu,393
Attapeu,394
Champasak,395
Champasak,396
Champasak,397
Phongsaly,398
Phongsaly,399
Phongsaly,400
Phongsaly,401
Phongsaly,402
Louangnamtha,403
Oudomxai,404
Oudomxai,405
Louangphabang,406
Houaphan,407
Houaphan,408
Oudomxai,409
Louangphabang,410
Houaphan,411
Bokeo,412
Houaphan,413
Houaphan,414
Oudomxai,415
Houaphan,416
Louangphabang,417
Xaignabouly,418
Louangphabang,419
Xiengkhouang,420
Xaignabouly,421
Xiengkhouang,422
Xiengkhouang,423
Vientiane,424
Xiengkhouang,425
Xiengkhouang,426
Vientiane,427
Xaisomboun,428
Xaisomboun,429
Bolikhamxai,430
Bolikhamxai,431
Xaisomboun,432
Bolikhamxai,433
Bolikhamxai,434
Bolikhamxai,435
Xaisomboun,436
Xaisomboun,437
Bolikhamxai,438
Bolikhamxai,439
Bolikhamxai,440
Bolikhamxai,441
Bolikhamxai,442
Bolikhamxai,443
Bolikhamxai,444
Bolikhamxai,445
Khammouan,446
Khammouan,447
Khammouan,448
Khammouan,449
Khammouan,450
Khammouan,451
Xekong,452
Xekong,453
Xekong,454
Xekong,455
Champasak,456
Champasak,457
Attapeu,458
Champasak,459
Champasak,460
Phongsaly,461
Phongsaly,462
Phongsaly,463
Oudomxai,464
Louangnamtha,465
Louangnamtha,466
Oudomxai,467
Louangphabang,468
Houaphan,469
Louangphabang,470
Houaphan,471
Louangnamtha,472
Louangnamtha,473
Bokeo,474
Bokeo,475
Bokeo,476
Louangphabang,477
Oudomxai,478
Houaphan,479
Houaphan,480
Champasak,481
Salavan,482
Salavan,483
Champasak,484
Champasak,485
Champasak,486
Champasak,487
Champasak,488
Champasak,489
Champasak,490
Champasak,491
Houaphan,492
Savannakhet,493
Savannakhet,494
Savannakhet,495
Savannakhet,496
Savannakhet,497
Savannakhet,498
Khammouan,499
Khammouan,500
Khammouan,501
Khammouan,502
Khammouan,503
Khammouan,504
Xekong,505
Xekong,506
Xekong,507
Xekong,508
Xekong,509
Xiengkhouang,510
Xiengkhouang,511
Bolikhamxai,512
Bolikhamxai,513
Bolikhamxai,514
Bolikhamxai,515
Bolikhamxai,516
Bolikhamxai,517
Bolikhamxai,518
Bolikhamxai,519